{
  "best_model": "random_forest",
  "metrics": {
    "accuracy": 0.893,
    "precision": 0.9027777777777778,
    "recall": 0.9814169570267132,
    "f1": 0.9404563160823595,
    "auc": 0.9020212401507366,
    "mcc": 0.4618322929074297
  },
  "all_models": {
    "logistic_regression": {
      "accuracy": 0.892,
      "precision": 0.9160220994475138,
      "recall": 0.9628339140534262,
      "f1": 0.9388448471121178,
      "auc": 0.9102181669298706,
      "mcc": 0.4908973284580069
    },
    "decision_tree": {
      "accuracy": 0.847,
      "precision": 0.9031890660592256,
      "recall": 0.9210220673635308,
      "f1": 0.9120184013801035,
      "auc": 0.6547556379983122,
      "mcc": 0.32715855269143396
    },
    "knn": {
      "accuracy": 0.868,
      "precision": 0.8881789137380192,
      "recall": 0.9686411149825784,
      "f1": 0.9266666666666666,
      "auc": 0.7679500998504332,
      "mcc": 0.30824142093981133
    },
    "naive_bayes": {
      "accuracy": 0.839,
      "precision": 0.9617414248021108,
      "recall": 0.8466898954703833,
      "f1": 0.900555898702903,
      "auc": 0.8871982553330158,
      "mcc": 0.5153781863139497
    },
    "random_forest": {
      "accuracy": 0.893,
      "precision": 0.9027777777777778,
      "recall": 0.9814169570267132,
      "f1": 0.9404563160823595,
      "auc": 0.9020212401507366,
      "mcc": 0.4618322929074297
    },
    "xgboost": {
      "accuracy": 0.873,
      "precision": 0.9015317286652079,
      "recall": 0.9570267131242741,
      "f1": 0.9284507042253521,
      "auc": 0.8860033924080248,
      "mcc": 0.38195308580347237
    }
  }
}